"Story","Title","Result","Date","Stability","Duration (s)"
"GLL smoke test","Test case 01, 02, 03, 04","SUCCESS","2017-04-25T10:12:09.568+05:30","0.0","90.16"
"GLL smoke test","Test case 01, 02, 03, 04","SUCCESS","2017-05-05T16:15:43.493+05:30","0.0","132.46"
"GLL smoke test","Test case 05","SUCCESS","2017-04-25T10:03:24.371+05:30","0.0","153.36"
"GLL smoke test","Test case 05","SUCCESS","2017-05-05T16:17:59.793+05:30","0.0","145.18"
"GLL smoke test","Test case 06","SUCCESS","2017-04-25T10:14:01.625+05:30","0.0","110.37"
"GLL smoke test","Test case 06","ERROR","2017-05-05T16:20:28.034+05:30","0.0","136.06"
"GLL smoke test","Test case 07","SUCCESS","2017-04-25T10:16:08.396+05:30","0.0","76.49"
"GLL smoke test","Test case 07","SUCCESS","2017-05-05T16:22:47.075+05:30","0.0","82.77"
"GLL smoke test","Test case 08","SUCCESS","2017-04-25T10:34:35.994+05:30","0.0","132.36"
"GLL smoke test","Test case 08","ERROR","2017-05-05T16:24:36.990+05:30","0.0","84.85"
"GLL smoke test","Test case 09","SUCCESS","2017-04-25T10:42:49.846+05:30","0.0","137.08"
"GLL smoke test","Test case 09","ERROR","2017-05-05T16:26:03.204+05:30","0.0","35.47"
"GLL smoke test","Test case 12","SUCCESS","2017-04-25T10:49:45.245+05:30","0.0","123.55"
"GLL smoke test","Test case 13","SUCCESS","2017-04-25T11:16:57.836+05:30","0.0","169.47"
"GLL smoke test","Test case 13","ERROR","2017-05-05T16:27:02.177+05:30","0.0","200.14"
"GLL smoke test","Test case 14","ERROR","2017-04-25T10:17:36.999+05:30","0.0","36.35"
"GLL smoke test","Test case 14","SUCCESS","2017-05-05T16:26:39.077+05:30","0.0","21.24"
"GLL smoke test","Test case 16","SUCCESS","2017-04-25T10:56:57.537+05:30","0.0","55.86"
"GLL smoke test","Test case 16","ERROR","2017-05-05T16:30:29.519+05:30","0.0","30.56"
